U,U,U;Phe
U,U,C;Phe
U,U,A;Leu
U,U,G;Leu
C,U,U;Leu
C,U,C;Leu
C,U,A;Leu
C,U,G;Leu
A,U,U;Ile
A,U,C;Ile
A,U,A;Ile
A,U,G;Met
G,U,U;Val
G,U,C;Val
G,U,A;Val
G,U,G;Val
U,C,U;Ser
U,C,C;Ser
U,C,A;Ser
U,C,G;Ser
A,G,U;Ser
A,G,C;Ser
C,C,U;Pro
C,C,C;Pro
C,C,A;Pro
C,C,G;Pro
A,C,U;Thr
A,C,C;Thr
A,C,A;Thr
A,C,G;Thr
G,C,U;Ala
G,C,C;Ala
G,C,A;Ala
G,C,G;Ala
U,A,U;Tyr
U,A,C;Tyr
U,A,A;Stop
U,G,A;Stop
U,A,G;Stop
C,A,U;His
C,A,C;His
C,A,A;Gln
C,A,G;Gln
A,A,U;Asn
A,A,C;Asn
A,A,A;Lys
A,A,G;Lys
G,A,U;Asp
G,A,C;Asp
G,A,A;Glu
G,A,G;Glu
U,G,U;Cys
U,G,C;Cys
U,G,G;Trp
C,G,U;Arg
C,G,C;Arg
C,G,A;Arg
C,G,G;Arg
A,G,A;Arg
A,G,G;Arg
G,G,U;Gly
G,G,C;Gly
G,G,A;Gly
G,G,G;Gly
U,U,U;Phe
U,U,C;Phe
U,U,A;Leu
U,U,G;Leu
C,U,U;Leu
C,U,C;Leu
C,U,A;Leu
C,U,G;Leu
A,U,U;Ile
A,U,C;Ile
A,U,A;Ile
A,U,G;Met
G,U,U;Val
G,U,C;Val
G,U,A;Val
G,U,G;Val
U,C,U;Ser
U,C,C;Ser
U,C,A;Ser
U,C,G;Ser
A,G,U;Ser
A,G,C;Ser
C,C,U;Pro
C,C,C;Pro
C,C,A;Pro
C,C,G;Pro
A,C,U;Thr
A,C,C;Thr
A,C,A;Thr
A,C,G;Thr
G,C,U;Ala
G,C,C;Ala
G,C,A;Ala
G,C,G;Ala
U,A,U;Tyr
U,A,C;Tyr
U,A,A;Stop
U,G,A;Stop
U,A,G;Stop
C,A,U;His
C,A,C;His
C,A,A;Gln
C,A,G;Gln
A,A,U;Asn
A,A,C;Asn
A,A,A;Lys
A,A,G;Lys
G,A,U;Asp
G,A,C;Asp
G,A,A;Glu
G,A,G;Glu
U,G,U;Cys
U,G,C;Cys
U,G,G;Trp
C,G,U;Arg
C,G,C;Arg
C,G,A;Arg
C,G,G;Arg
A,G,A;Arg
A,G,G;Arg
G,G,U;Gly
G,G,C;Gly
G,G,A;Gly
G,G,G;Gly
U,U,U;Phe
U,U,C;Phe
U,U,A;Leu
U,U,G;Leu
C,U,U;Leu
C,U,C;Leu
C,U,A;Leu
C,U,G;Leu
A,U,U;Ile
A,U,C;Ile
A,U,A;Ile
A,U,G;Met
G,U,U;Val
G,U,C;Val
G,U,A;Val
G,U,G;Val
U,C,U;Ser
U,C,C;Ser
U,C,A;Ser
U,C,G;Ser
A,G,U;Ser
A,G,C;Ser
C,C,U;Pro
C,C,C;Pro
C,C,A;Pro
C,C,G;Pro
A,C,U;Thr
A,C,C;Thr
A,C,A;Thr
A,C,G;Thr
G,C,U;Ala
G,C,C;Ala
G,C,A;Ala
G,C,G;Ala
U,A,U;Tyr
U,A,C;Tyr
U,A,A;Stop
U,G,A;Stop
U,A,G;Stop
C,A,U;His
C,A,C;His
C,A,A;Gln
C,A,G;Gln
A,A,U;Asn
A,A,C;Asn
A,A,A;Lys
A,A,G;Lys
G,A,U;Asp
G,A,C;Asp
G,A,A;Glu
G,A,G;Glu
U,G,U;Cys
U,G,C;Cys
U,G,G;Trp
C,G,U;Arg
C,G,C;Arg
C,G,A;Arg
C,G,G;Arg
A,G,A;Arg
A,G,G;Arg
G,G,U;Gly
G,G,C;Gly
G,G,A;Gly
G,G,G;Gly
U,U,U;Phe
U,U,C;Phe
U,U,A;Leu
U,U,G;Leu
C,U,U;Leu
C,U,C;Leu
C,U,A;Leu
C,U,G;Leu
A,U,U;Ile
A,U,C;Ile
A,U,A;Ile
A,U,G;Met
G,U,U;Val
G,U,C;Val
G,U,A;Val
G,U,G;Val
U,C,U;Ser
U,C,C;Ser
U,C,A;Ser
U,C,G;Ser
A,G,U;Ser
A,G,C;Ser
C,C,U;Pro
C,C,C;Pro
C,C,A;Pro
C,C,G;Pro
A,C,U;Thr
A,C,C;Thr
A,C,A;Thr
A,C,G;Thr
G,C,U;Ala
G,C,C;Ala
G,C,A;Ala
G,C,G;Ala
U,A,U;Tyr
U,A,C;Tyr
U,A,A;Stop
U,G,A;Stop
U,A,G;Stop
C,A,U;His
C,A,C;His
C,A,A;Gln
C,A,G;Gln
A,A,U;Asn
A,A,C;Asn
A,A,A;Lys
A,A,G;Lys
G,A,U;Asp
G,A,C;Asp
G,A,A;Glu
G,A,G;Glu
U,G,U;Cys
U,G,C;Cys
U,G,G;Trp
C,G,U;Arg
C,G,C;Arg
C,G,A;Arg
C,G,G;Arg
A,G,A;Arg
A,G,G;Arg
G,G,U;Gly
G,G,C;Gly
G,G,A;Gly
G,G,G;Gly
U,U,U;Phe
U,U,C;Phe
U,U,A;Leu
U,U,G;Leu
C,U,U;Leu
C,U,C;Leu
C,U,A;Leu
C,U,G;Leu
A,U,U;Ile
A,U,C;Ile
A,U,A;Ile
A,U,G;Met
G,U,U;Val
G,U,C;Val
G,U,A;Val
G,U,G;Val
U,C,U;Ser
U,C,C;Ser
U,C,A;Ser
U,C,G;Ser
A,G,U;Ser
A,G,C;Ser
C,C,U;Pro
C,C,C;Pro
C,C,A;Pro
C,C,G;Pro
A,C,U;Thr
A,C,C;Thr
A,C,A;Thr
A,C,G;Thr
G,C,U;Ala
G,C,C;Ala
G,C,A;Ala
G,C,G;Ala
U,A,U;Tyr
U,A,C;Tyr
U,A,A;Stop
U,G,A;Stop
U,A,G;Stop
C,A,U;His
C,A,C;His
C,A,A;Gln
C,A,G;Gln
A,A,U;Asn
A,A,C;Asn
A,A,A;Lys
A,A,G;Lys
G,A,U;Asp
G,A,C;Asp
G,A,A;Glu
G,A,G;Glu
U,G,U;Cys
U,G,C;Cys
U,G,G;Trp
C,G,U;Arg
C,G,C;Arg
C,G,A;Arg
C,G,G;Arg
A,G,A;Arg
A,G,G;Arg
G,G,U;Gly
G,G,C;Gly
G,G,A;Gly
G,G,G;Gly
U,U,U;Phe
U,U,C;Phe
U,U,A;Leu
U,U,G;Leu
C,U,U;Leu
C,U,C;Leu
C,U,A;Leu
C,U,G;Leu
A,U,U;Ile
A,U,C;Ile
A,U,A;Ile
A,U,G;Met
G,U,U;Val
G,U,C;Val
G,U,A;Val
G,U,G;Val
U,C,U;Ser
U,C,C;Ser
U,C,A;Ser
U,C,G;Ser
A,G,U;Ser
A,G,C;Ser
C,C,U;Pro
C,C,C;Pro
C,C,A;Pro
C,C,G;Pro
A,C,U;Thr
A,C,C;Thr
A,C,A;Thr
A,C,G;Thr
G,C,U;Ala
G,C,C;Ala
G,C,A;Ala
G,C,G;Ala
U,A,U;Tyr
U,A,C;Tyr
U,A,A;Stop
U,G,A;Stop
U,A,G;Stop
C,A,U;His
C,A,C;His
C,A,A;Gln
C,A,G;Gln
A,A,U;Asn
A,A,C;Asn
A,A,A;Lys
A,A,G;Lys
G,A,U;Asp
G,A,C;Asp
G,A,A;Glu
G,A,G;Glu
U,G,U;Cys
U,G,C;Cys
U,G,G;Trp
C,G,U;Arg
C,G,C;Arg
C,G,A;Arg
C,G,G;Arg
A,G,A;Arg
A,G,G;Arg
G,G,U;Gly
G,G,C;Gly
G,G,A;Gly
G,G,G;Gly
U,U,U;Phe
U,U,C;Phe
U,U,A;Leu
U,U,G;Leu
C,U,U;Leu
C,U,C;Leu
C,U,A;Leu
C,U,G;Leu
A,U,U;Ile
A,U,C;Ile
A,U,A;Ile
A,U,G;Met
G,U,U;Val
G,U,C;Val
G,U,A;Val
G,U,G;Val
U,C,U;Ser
U,C,C;Ser
U,C,A;Ser
U,C,G;Ser
A,G,U;Ser
A,G,C;Ser
C,C,U;Pro
C,C,C;Pro
C,C,A;Pro
C,C,G;Pro
A,C,U;Thr
A,C,C;Thr
A,C,A;Thr
A,C,G;Thr
G,C,U;Ala
G,C,C;Ala
G,C,A;Ala
G,C,G;Ala
U,A,U;Tyr
U,A,C;Tyr
U,A,A;Stop
U,G,A;Stop
U,A,G;Stop
C,A,U;His
C,A,C;His
C,A,A;Gln
C,A,G;Gln
A,A,U;Asn
A,A,C;Asn
A,A,A;Lys
A,A,G;Lys
G,A,U;Asp
G,A,C;Asp
G,A,A;Glu
G,A,G;Glu
U,G,U;Cys
U,G,C;Cys
U,G,G;Trp
C,G,U;Arg
C,G,C;Arg
C,G,A;Arg
C,G,G;Arg
A,G,A;Arg
A,G,G;Arg
G,G,U;Gly
G,G,C;Gly
G,G,A;Gly
G,G,G;Gly
U,U,U;Phe
U,U,C;Phe
U,U,A;Leu
U,U,G;Leu
C,U,U;Leu
C,U,C;Leu
C,U,A;Leu
C,U,G;Leu
A,U,U;Ile
A,U,C;Ile
A,U,A;Ile
A,U,G;Met
G,U,U;Val
G,U,C;Val
G,U,A;Val
G,U,G;Val
U,C,U;Ser
U,C,C;Ser
U,C,A;Ser
U,C,G;Ser
A,G,U;Ser
A,G,C;Ser
C,C,U;Pro
C,C,C;Pro
C,C,A;Pro
C,C,G;Pro
A,C,U;Thr
A,C,C;Thr
A,C,A;Thr
A,C,G;Thr
G,C,U;Ala
G,C,C;Ala
G,C,A;Ala
G,C,G;Ala
U,A,U;Tyr
U,A,C;Tyr
U,A,A;Stop
U,G,A;Stop
U,A,G;Stop
C,A,U;His
C,A,C;His
C,A,A;Gln
C,A,G;Gln
A,A,U;Asn
A,A,C;Asn
A,A,A;Lys
A,A,G;Lys
G,A,U;Asp
G,A,C;Asp
G,A,A;Glu
G,A,G;Glu
U,G,U;Cys
U,G,C;Cys
U,G,G;Trp
C,G,U;Arg
C,G,C;Arg
C,G,A;Arg
C,G,G;Arg
A,G,A;Arg
A,G,G;Arg
G,G,U;Gly
G,G,C;Gly
G,G,A;Gly
G,G,G;Gly
U,U,U;Phe
U,U,C;Phe
U,U,A;Leu
U,U,G;Leu
C,U,U;Leu
C,U,C;Leu
C,U,A;Leu
C,U,G;Leu
A,U,U;Ile
A,U,C;Ile
A,U,A;Ile
A,U,G;Met
G,U,U;Val
G,U,C;Val
G,U,A;Val
G,U,G;Val
U,C,U;Ser
U,C,C;Ser
U,C,A;Ser
U,C,G;Ser
A,G,U;Ser
A,G,C;Ser
C,C,U;Pro
C,C,C;Pro
C,C,A;Pro
C,C,G;Pro
A,C,U;Thr
A,C,C;Thr
A,C,A;Thr
A,C,G;Thr
G,C,U;Ala
G,C,C;Ala
G,C,A;Ala
G,C,G;Ala
U,A,U;Tyr
U,A,C;Tyr
U,A,A;Stop
U,G,A;Stop
U,A,G;Stop
C,A,U;His
C,A,C;His
C,A,A;Gln
C,A,G;Gln
A,A,U;Asn
A,A,C;Asn
A,A,A;Lys
A,A,G;Lys
G,A,U;Asp
G,A,C;Asp
G,A,A;Glu
G,A,G;Glu
U,G,U;Cys
U,G,C;Cys
U,G,G;Trp
C,G,U;Arg
C,G,C;Arg
C,G,A;Arg
C,G,G;Arg
A,G,A;Arg
A,G,G;Arg
G,G,U;Gly
G,G,C;Gly
G,G,A;Gly
G,G,G;Gly
U,U,U;Phe
U,U,C;Phe
U,U,A;Leu
U,U,G;Leu
C,U,U;Leu
C,U,C;Leu
C,U,A;Leu
C,U,G;Leu
A,U,U;Ile
A,U,C;Ile
A,U,A;Ile
A,U,G;Met
G,U,U;Val
G,U,C;Val
G,U,A;Val
G,U,G;Val
U,C,U;Ser
U,C,C;Ser
U,C,A;Ser
U,C,G;Ser
A,G,U;Ser
A,G,C;Ser
C,C,U;Pro
C,C,C;Pro
C,C,A;Pro
C,C,G;Pro
A,C,U;Thr
A,C,C;Thr
A,C,A;Thr
A,C,G;Thr
G,C,U;Ala
G,C,C;Ala
G,C,A;Ala
G,C,G;Ala
U,A,U;Tyr
U,A,C;Tyr
U,A,A;Stop
U,G,A;Stop
U,A,G;Stop
C,A,U;His
C,A,C;His
C,A,A;Gln
C,A,G;Gln
A,A,U;Asn
A,A,C;Asn
A,A,A;Lys
A,A,G;Lys
G,A,U;Asp
G,A,C;Asp
G,A,A;Glu
G,A,G;Glu
U,G,U;Cys
U,G,C;Cys
U,G,G;Trp
C,G,U;Arg
C,G,C;Arg
C,G,A;Arg
C,G,G;Arg
A,G,A;Arg
A,G,G;Arg
G,G,U;Gly
G,G,C;Gly
G,G,A;Gly
G,G,G;Gly
U,U,U;Phe
U,U,C;Phe
U,U,A;Leu
U,U,G;Leu
C,U,U;Leu
C,U,C;Leu
C,U,A;Leu
C,U,G;Leu
A,U,U;Ile
A,U,C;Ile
A,U,A;Ile
A,U,G;Met
G,U,U;Val
G,U,C;Val
G,U,A;Val
G,U,G;Val
U,C,U;Ser
U,C,C;Ser
U,C,A;Ser
U,C,G;Ser
A,G,U;Ser
A,G,C;Ser
C,C,U;Pro
C,C,C;Pro
C,C,A;Pro
C,C,G;Pro
A,C,U;Thr
A,C,C;Thr
A,C,A;Thr
A,C,G;Thr
G,C,U;Ala
G,C,C;Ala
G,C,A;Ala
G,C,G;Ala
U,A,U;Tyr
U,A,C;Tyr
U,A,A;Stop
U,G,A;Stop
U,A,G;Stop
C,A,U;His
C,A,C;His
C,A,A;Gln
C,A,G;Gln
A,A,U;Asn
A,A,C;Asn
A,A,A;Lys
A,A,G;Lys
G,A,U;Asp
G,A,C;Asp
G,A,A;Glu
G,A,G;Glu
U,G,U;Cys
U,G,C;Cys
U,G,G;Trp
C,G,U;Arg
C,G,C;Arg
C,G,A;Arg
C,G,G;Arg
A,G,A;Arg
A,G,G;Arg
G,G,U;Gly
G,G,C;Gly
G,G,A;Gly
G,G,G;Gly
U,U,U;Phe
U,U,C;Phe
U,U,A;Leu
U,U,G;Leu
C,U,U;Leu
C,U,C;Leu
C,U,A;Leu
C,U,G;Leu
A,U,U;Ile
A,U,C;Ile
A,U,A;Ile
A,U,G;Met
G,U,U;Val
G,U,C;Val
G,U,A;Val
G,U,G;Val
U,C,U;Ser
U,C,C;Ser
U,C,A;Ser
U,C,G;Ser
A,G,U;Ser
A,G,C;Ser
C,C,U;Pro
C,C,C;Pro
C,C,A;Pro
C,C,G;Pro
A,C,U;Thr
A,C,C;Thr
A,C,A;Thr
A,C,G;Thr
G,C,U;Ala
G,C,C;Ala
G,C,A;Ala
G,C,G;Ala
U,A,U;Tyr
U,A,C;Tyr
U,A,A;Stop
U,G,A;Stop
U,A,G;Stop
C,A,U;His
C,A,C;His
C,A,A;Gln
C,A,G;Gln
A,A,U;Asn
A,A,C;Asn
A,A,A;Lys
A,A,G;Lys
G,A,U;Asp
G,A,C;Asp
G,A,A;Glu
G,A,G;Glu
U,G,U;Cys
U,G,C;Cys
U,G,G;Trp
C,G,U;Arg
C,G,C;Arg
C,G,A;Arg
C,G,G;Arg
A,G,A;Arg
A,G,G;Arg
G,G,U;Gly
G,G,C;Gly
G,G,A;Gly
G,G,G;Gly
